"Sid";"FName";"LName";"Gender";"DOB";"Job";"Salary";"CityId";"BloodGp";"PhoneNo";"Remarks"
1;"Ashok";"Raj";"Male";"1984-08-21";"Doctor";100000;2;"A+";"9564789450";"morning"
2;"Simran";"Pal";"Female";"1986-03-15";"Nurse";55000;2;"A-";"8976548514";"morning"
3;"Raju";"Khan";"Male";"1981-12-13";"Transporter";45000;1;"O+";"9874265137";"morning"
4;"Anisha";"S";"Female";"1990-07-26";"Manager";75000;1;"O-";"9845673483";"morning"
5;"Ramu";"Kumar";"Male";"1998-01-28";"Doctor";98000;3;"AB+";"9845671258";"night"
6;"Sita";"Khan";"Female";"1999-07-11";"Nurse";30000;3;"A+";"9654712455";"night"
7;"Ganesh";"Pandey";"Male";"1991-09-17";"Watchman";15000;4;"A+";"9854621444";"night"
8;"Devyani";"Gupta";"Female";"1993-01-27";"Nurse";35000;4;"A-";"8975642144";"morning"
9;"Salma";"Ali";"Female";"1970-07-29";"Surgeon";120000;3;"B+";"7985423614";"night"
10;"Ashok";"Singh";"Male";"1990-02-16";"Transporter";50000;1;"AB+";"7865493486";"night"
